--
-- PostgreSQL database dump
--

-- Dumped from database version 16.0
-- Dumped by pg_dump version 16.0

SET statement_timeout = 0;
SET lock_timeout = 0;
SET idle_in_transaction_session_timeout = 0;
SET client_encoding = 'UTF8';
SET standard_conforming_strings = on;
SELECT pg_catalog.set_config('search_path', '', false);
SET check_function_bodies = false;
SET xmloption = content;
SET client_min_messages = warning;
SET row_security = off;

SET default_tablespace = '';

SET default_table_access_method = heap;

--
-- Name: agv_management_agv_data; Type: TABLE; Schema: public; Owner: agv
--

CREATE TABLE public.agv_management_agv_data (
    data_id bigint NOT NULL,
    car_id integer NOT NULL,
    agv_state integer NOT NULL,
    agv_speed double precision NOT NULL,
    agv_battery double precision NOT NULL,
    previous_waypoint integer NOT NULL,
    next_waypoint integer NOT NULL,
    time_stamp timestamp with time zone NOT NULL,
    distance_sum double precision NOT NULL,
    distance double precision NOT NULL
);


ALTER TABLE public.agv_management_agv_data OWNER TO agv;

--
-- Name: agv_management_agv_data_data_id_seq; Type: SEQUENCE; Schema: public; Owner: agv
--

ALTER TABLE public.agv_management_agv_data ALTER COLUMN data_id ADD GENERATED BY DEFAULT AS IDENTITY (
    SEQUENCE NAME public.agv_management_agv_data_data_id_seq
    START WITH 1
    INCREMENT BY 1
    NO MINVALUE
    NO MAXVALUE
    CACHE 1
);


--
-- Name: agv_management_agv_error; Type: TABLE; Schema: public; Owner: agv
--

CREATE TABLE public.agv_management_agv_error (
    id bigint NOT NULL,
    error_id integer NOT NULL,
    "timestamp" timestamp with time zone NOT NULL,
    error_msg character varying(16) NOT NULL,
    previous_waypoint integer NOT NULL,
    next_waypoint integer NOT NULL,
    order_number integer NOT NULL,
    car_id integer NOT NULL
);


ALTER TABLE public.agv_management_agv_error OWNER TO agv;

--
-- Name: agv_management_agv_error_id_seq; Type: SEQUENCE; Schema: public; Owner: agv
--

ALTER TABLE public.agv_management_agv_error ALTER COLUMN id ADD GENERATED BY DEFAULT AS IDENTITY (
    SEQUENCE NAME public.agv_management_agv_error_id_seq
    START WITH 1
    INCREMENT BY 1
    NO MINVALUE
    NO MAXVALUE
    CACHE 1
);


--
-- Name: agv_management_agv_identify; Type: TABLE; Schema: public; Owner: agv
--

CREATE TABLE public.agv_management_agv_identify (
    agv_id integer NOT NULL,
    max_speed integer NOT NULL,
    battery_capacity integer NOT NULL,
    max_load integer NOT NULL,
    guidance_type character varying(255) NOT NULL,
    is_active boolean NOT NULL,
    is_connected boolean NOT NULL,
    parking_lot integer NOT NULL
);


ALTER TABLE public.agv_management_agv_identify OWNER TO agv;

--
-- Name: agv_management_agv_status; Type: TABLE; Schema: public; Owner: agv
--

CREATE TABLE public.agv_management_agv_status (
    id bigint NOT NULL,
    state_id integer NOT NULL,
    state_name character varying(16) NOT NULL
);


ALTER TABLE public.agv_management_agv_status OWNER TO agv;

--
-- Name: agv_management_agv_status_id_seq; Type: SEQUENCE; Schema: public; Owner: agv
--

ALTER TABLE public.agv_management_agv_status ALTER COLUMN id ADD GENERATED BY DEFAULT AS IDENTITY (
    SEQUENCE NAME public.agv_management_agv_status_id_seq
    START WITH 1
    INCREMENT BY 1
    NO MINVALUE
    NO MAXVALUE
    CACHE 1
);


--
-- Name: auth_group; Type: TABLE; Schema: public; Owner: agv
--

CREATE TABLE public.auth_group (
    id integer NOT NULL,
    name character varying(150) NOT NULL
);


ALTER TABLE public.auth_group OWNER TO agv;

--
-- Name: auth_group_id_seq; Type: SEQUENCE; Schema: public; Owner: agv
--

ALTER TABLE public.auth_group ALTER COLUMN id ADD GENERATED BY DEFAULT AS IDENTITY (
    SEQUENCE NAME public.auth_group_id_seq
    START WITH 1
    INCREMENT BY 1
    NO MINVALUE
    NO MAXVALUE
    CACHE 1
);


--
-- Name: auth_group_permissions; Type: TABLE; Schema: public; Owner: agv
--

CREATE TABLE public.auth_group_permissions (
    id bigint NOT NULL,
    group_id integer NOT NULL,
    permission_id integer NOT NULL
);


ALTER TABLE public.auth_group_permissions OWNER TO agv;

--
-- Name: auth_group_permissions_id_seq; Type: SEQUENCE; Schema: public; Owner: agv
--

ALTER TABLE public.auth_group_permissions ALTER COLUMN id ADD GENERATED BY DEFAULT AS IDENTITY (
    SEQUENCE NAME public.auth_group_permissions_id_seq
    START WITH 1
    INCREMENT BY 1
    NO MINVALUE
    NO MAXVALUE
    CACHE 1
);


--
-- Name: auth_permission; Type: TABLE; Schema: public; Owner: agv
--

CREATE TABLE public.auth_permission (
    id integer NOT NULL,
    name character varying(255) NOT NULL,
    content_type_id integer NOT NULL,
    codename character varying(100) NOT NULL
);


ALTER TABLE public.auth_permission OWNER TO agv;

--
-- Name: auth_permission_id_seq; Type: SEQUENCE; Schema: public; Owner: agv
--

ALTER TABLE public.auth_permission ALTER COLUMN id ADD GENERATED BY DEFAULT AS IDENTITY (
    SEQUENCE NAME public.auth_permission_id_seq
    START WITH 1
    INCREMENT BY 1
    NO MINVALUE
    NO MAXVALUE
    CACHE 1
);


--
-- Name: authtoken_token; Type: TABLE; Schema: public; Owner: agv
--

CREATE TABLE public.authtoken_token (
    key character varying(40) NOT NULL,
    created timestamp with time zone NOT NULL,
    user_id bigint NOT NULL
);


ALTER TABLE public.authtoken_token OWNER TO agv;

--
-- Name: django_admin_log; Type: TABLE; Schema: public; Owner: agv
--

CREATE TABLE public.django_admin_log (
    id integer NOT NULL,
    action_time timestamp with time zone NOT NULL,
    object_id text,
    object_repr character varying(200) NOT NULL,
    action_flag smallint NOT NULL,
    change_message text NOT NULL,
    content_type_id integer,
    user_id bigint NOT NULL,
    CONSTRAINT django_admin_log_action_flag_check CHECK ((action_flag >= 0))
);


ALTER TABLE public.django_admin_log OWNER TO agv;

--
-- Name: django_admin_log_id_seq; Type: SEQUENCE; Schema: public; Owner: agv
--

ALTER TABLE public.django_admin_log ALTER COLUMN id ADD GENERATED BY DEFAULT AS IDENTITY (
    SEQUENCE NAME public.django_admin_log_id_seq
    START WITH 1
    INCREMENT BY 1
    NO MINVALUE
    NO MAXVALUE
    CACHE 1
);


--
-- Name: django_content_type; Type: TABLE; Schema: public; Owner: agv
--

CREATE TABLE public.django_content_type (
    id integer NOT NULL,
    app_label character varying(100) NOT NULL,
    model character varying(100) NOT NULL
);


ALTER TABLE public.django_content_type OWNER TO agv;

--
-- Name: django_content_type_id_seq; Type: SEQUENCE; Schema: public; Owner: agv
--

ALTER TABLE public.django_content_type ALTER COLUMN id ADD GENERATED BY DEFAULT AS IDENTITY (
    SEQUENCE NAME public.django_content_type_id_seq
    START WITH 1
    INCREMENT BY 1
    NO MINVALUE
    NO MAXVALUE
    CACHE 1
);


--
-- Name: django_migrations; Type: TABLE; Schema: public; Owner: agv
--

CREATE TABLE public.django_migrations (
    id bigint NOT NULL,
    app character varying(255) NOT NULL,
    name character varying(255) NOT NULL,
    applied timestamp with time zone NOT NULL
);


ALTER TABLE public.django_migrations OWNER TO agv;

--
-- Name: django_migrations_id_seq; Type: SEQUENCE; Schema: public; Owner: agv
--

ALTER TABLE public.django_migrations ALTER COLUMN id ADD GENERATED BY DEFAULT AS IDENTITY (
    SEQUENCE NAME public.django_migrations_id_seq
    START WITH 1
    INCREMENT BY 1
    NO MINVALUE
    NO MAXVALUE
    CACHE 1
);


--
-- Name: django_session; Type: TABLE; Schema: public; Owner: agv
--

CREATE TABLE public.django_session (
    session_key character varying(40) NOT NULL,
    session_data text NOT NULL,
    expire_date timestamp with time zone NOT NULL
);


ALTER TABLE public.django_session OWNER TO agv;

--
-- Name: map_management_station_data; Type: TABLE; Schema: public; Owner: agv
--

CREATE TABLE public.map_management_station_data (
    station_id integer NOT NULL,
    station_node integer NOT NULL,
    station_type character varying(64) NOT NULL,
    load_transfer character varying(64) NOT NULL,
    is_active boolean NOT NULL
);


ALTER TABLE public.map_management_station_data OWNER TO agv;

--
-- Name: material_management_material; Type: TABLE; Schema: public; Owner: agv
--

CREATE TABLE public.material_management_material (
    material_id bigint NOT NULL,
    material_name character varying(32) NOT NULL,
    material_unit character varying(16) NOT NULL,
    material_weight integer NOT NULL
);


ALTER TABLE public.material_management_material OWNER TO agv;

--
-- Name: material_management_material_material_id_seq; Type: SEQUENCE; Schema: public; Owner: agv
--

ALTER TABLE public.material_management_material ALTER COLUMN material_id ADD GENERATED BY DEFAULT AS IDENTITY (
    SEQUENCE NAME public.material_management_material_material_id_seq
    START WITH 1
    INCREMENT BY 1
    NO MINVALUE
    NO MAXVALUE
    CACHE 1
);


--
-- Name: requests_management_order_data; Type: TABLE; Schema: public; Owner: agv
--

CREATE TABLE public.requests_management_order_data (
    request_id bigint NOT NULL,
    order_date date NOT NULL,
    load_amount integer NOT NULL,
    load_weight integer NOT NULL,
    start_time character varying(16) NOT NULL,
    start_point bigint NOT NULL,
    end_point bigint NOT NULL,
    load_name character varying(16) NOT NULL,
    user_name_id character varying(255),
    order_number integer NOT NULL,
    is_scheduled boolean NOT NULL,
    CONSTRAINT requests_management_order_data_end_point_check CHECK ((end_point >= 0)),
    CONSTRAINT requests_management_order_data_load_amount_check CHECK ((load_amount >= 0)),
    CONSTRAINT requests_management_order_data_start_point_check CHECK ((start_point >= 0))
);


ALTER TABLE public.requests_management_order_data OWNER TO agv;

--
-- Name: requests_management_order_data_order_id_seq; Type: SEQUENCE; Schema: public; Owner: agv
--

ALTER TABLE public.requests_management_order_data ALTER COLUMN request_id ADD GENERATED BY DEFAULT AS IDENTITY (
    SEQUENCE NAME public.requests_management_order_data_order_id_seq
    START WITH 1
    INCREMENT BY 1
    NO MINVALUE
    NO MAXVALUE
    CACHE 1
);


--
-- Name: requests_management_schedule_data; Type: TABLE; Schema: public; Owner: agv
--

CREATE TABLE public.requests_management_schedule_data (
    schedule_id bigint NOT NULL,
    order_date date NOT NULL,
    load_name character varying(16) NOT NULL,
    load_weight double precision NOT NULL,
    load_amount integer NOT NULL,
    agv_id integer NOT NULL,
    est_energy integer NOT NULL,
    est_distance double precision NOT NULL,
    est_start_time character varying(16) NOT NULL,
    est_end_time character varying(16) NOT NULL,
    start_point integer NOT NULL,
    end_point integer NOT NULL,
    is_processed boolean NOT NULL,
    instruction_set jsonb NOT NULL,
    order_number integer NOT NULL,
    CONSTRAINT requests_management_schedule_data_load_amount_check CHECK ((load_amount >= 0))
);


ALTER TABLE public.requests_management_schedule_data OWNER TO agv;

--
-- Name: requests_management_schedule_data_schedule_id_seq; Type: SEQUENCE; Schema: public; Owner: agv
--

ALTER TABLE public.requests_management_schedule_data ALTER COLUMN schedule_id ADD GENERATED BY DEFAULT AS IDENTITY (
    SEQUENCE NAME public.requests_management_schedule_data_schedule_id_seq
    START WITH 1
    INCREMENT BY 1
    NO MINVALUE
    NO MAXVALUE
    CACHE 1
);


--
-- Name: users_management_user; Type: TABLE; Schema: public; Owner: agv
--

CREATE TABLE public.users_management_user (
    id bigint NOT NULL,
    last_login timestamp with time zone,
    is_superuser boolean NOT NULL,
    first_name character varying(150) NOT NULL,
    last_name character varying(150) NOT NULL,
    is_staff boolean NOT NULL,
    is_active boolean NOT NULL,
    date_joined timestamp with time zone NOT NULL,
    name character varying(255) NOT NULL,
    email character varying(255) NOT NULL,
    password character varying(255) NOT NULL,
    refresh_token character varying(255)
);


ALTER TABLE public.users_management_user OWNER TO agv;

--
-- Name: users_management_user_groups; Type: TABLE; Schema: public; Owner: agv
--

CREATE TABLE public.users_management_user_groups (
    id bigint NOT NULL,
    user_id bigint NOT NULL,
    group_id integer NOT NULL
);


ALTER TABLE public.users_management_user_groups OWNER TO agv;

--
-- Name: users_management_user_groups_id_seq; Type: SEQUENCE; Schema: public; Owner: agv
--

ALTER TABLE public.users_management_user_groups ALTER COLUMN id ADD GENERATED BY DEFAULT AS IDENTITY (
    SEQUENCE NAME public.users_management_user_groups_id_seq
    START WITH 1
    INCREMENT BY 1
    NO MINVALUE
    NO MAXVALUE
    CACHE 1
);


--
-- Name: users_management_user_id_seq; Type: SEQUENCE; Schema: public; Owner: agv
--

ALTER TABLE public.users_management_user ALTER COLUMN id ADD GENERATED BY DEFAULT AS IDENTITY (
    SEQUENCE NAME public.users_management_user_id_seq
    START WITH 1
    INCREMENT BY 1
    NO MINVALUE
    NO MAXVALUE
    CACHE 1
);


--
-- Name: users_management_user_user_permissions; Type: TABLE; Schema: public; Owner: agv
--

CREATE TABLE public.users_management_user_user_permissions (
    id bigint NOT NULL,
    user_id bigint NOT NULL,
    permission_id integer NOT NULL
);


ALTER TABLE public.users_management_user_user_permissions OWNER TO agv;

--
-- Name: users_management_user_user_permissions_id_seq; Type: SEQUENCE; Schema: public; Owner: agv
--

ALTER TABLE public.users_management_user_user_permissions ALTER COLUMN id ADD GENERATED BY DEFAULT AS IDENTITY (
    SEQUENCE NAME public.users_management_user_user_permissions_id_seq
    START WITH 1
    INCREMENT BY 1
    NO MINVALUE
    NO MAXVALUE
    CACHE 1
);


--
-- Data for Name: agv_management_agv_data; Type: TABLE DATA; Schema: public; Owner: agv
--

COPY public.agv_management_agv_data (data_id, car_id, agv_state, agv_speed, agv_battery, previous_waypoint, next_waypoint, time_stamp, distance_sum, distance) FROM stdin;
1	1	1	0.1	0.7	1	4	2025-01-14 18:07:00.687727+07	7	2
2	1	1	0.1	0.7	1	4	2025-01-14 18:07:01.696574+07	7	2
3	1	1	0.1	0.7	1	4	2025-01-14 18:07:02.730361+07	7	2
4	1	1	0.1	0.7	1	4	2025-01-14 18:07:03.623995+07	7	2
5	1	1	0.1	0.7	1	4	2025-01-14 18:07:04.628704+07	7	2
6	1	1	0.1	0.7	1	4	2025-01-14 18:07:05.699218+07	7	2
7	1	1	0.1	0.7	1	4	2025-01-14 18:07:06.723812+07	7	2
8	1	1	0.1	0.7	1	4	2025-01-14 18:07:07.747437+07	7	2
9	1	1	0.1	0.7	1	4	2025-01-14 18:07:08.669301+07	7	2
10	1	1	0.1	0.7	1	4	2025-01-14 18:07:09.693467+07	7	2
11	1	1	0.1	0.7	1	4	2025-01-14 18:07:10.716228+07	7	2
12	1	1	0.1	0.7	1	4	2025-01-14 18:07:11.740241+07	7	2
13	1	1	0.1	0.7	1	4	2025-01-14 18:07:12.652878+07	7	2
14	1	1	0.1	0.7	1	4	2025-01-14 18:07:13.686404+07	7	2
15	1	1	0.1	0.7	1	4	2025-01-14 18:07:14.655305+07	7	2
16	1	1	0.1	0.7	1	4	2025-01-14 18:07:15.721997+07	7	2
17	1	1	0.1	0.7	1	4	2025-01-14 18:07:16.75926+07	7	2
18	1	1	0.1	0.7	1	4	2025-01-14 18:07:17.785216+07	7	2
19	1	1	0.1	0.7	1	4	2025-01-14 18:07:18.703863+07	7	2
20	1	1	0.1	0.7	1	4	2025-01-14 18:07:19.668774+07	7	2
21	1	1	0.1	0.7	1	4	2025-01-14 18:07:20.671757+07	7	2
22	1	1	0.1	0.7	1	4	2025-01-14 18:07:21.775867+07	7	2
23	1	1	0.1	0.7	1	4	2025-01-14 18:07:22.699327+07	7	2
24	1	1	0.1	0.7	1	4	2025-01-14 18:07:23.721643+07	7	2
25	1	1	0.1	0.7	1	4	2025-01-14 18:07:24.746328+07	7	2
26	1	1	0.1	0.7	1	4	2025-01-14 18:07:25.685402+07	7	2
27	1	1	0.1	0.7	1	4	2025-01-14 18:07:26.79356+07	7	2
28	1	1	0.1	0.7	1	4	2025-01-14 18:07:27.715296+07	7	2
29	1	1	0.1	0.7	1	4	2025-01-14 18:07:28.739368+07	7	2
30	1	1	0.1	0.7	1	4	2025-01-14 18:07:29.69573+07	7	2
31	1	1	0.1	0.7	1	4	2025-01-14 18:07:30.697532+07	7	2
32	1	1	0.1	0.7	1	4	2025-01-14 18:07:31.811911+07	7	2
33	1	1	0.1	0.7	1	4	2025-01-14 18:07:32.734903+07	7	2
34	1	1	0.1	0.7	1	4	2025-01-14 18:07:33.705861+07	7	2
35	1	1	0.1	0.7	1	4	2025-01-14 18:07:34.782865+07	7	2
36	1	1	0.1	0.7	1	4	2025-01-14 18:07:35.708117+07	7	2
37	1	1	0.1	0.7	1	4	2025-01-14 18:07:36.83031+07	7	2
38	1	1	0.1	0.7	1	4	2025-01-14 18:07:37.75073+07	7	2
39	1	1	0.1	0.7	1	4	2025-01-14 18:07:38.774976+07	7	2
40	1	1	0.1	0.7	1	4	2025-01-14 18:07:39.719036+07	7	2
41	1	1	0.1	0.7	1	4	2025-01-14 18:07:40.823178+07	7	2
42	1	1	0.1	0.7	1	4	2025-01-14 18:07:41.744716+07	7	2
43	1	1	0.1	0.7	1	4	2025-01-14 18:07:42.767886+07	7	2
44	1	1	0.1	0.7	1	4	2025-01-14 18:07:43.792221+07	7	2
45	1	1	0.1	0.7	1	4	2025-01-14 18:07:44.73313+07	7	2
46	1	1	0.1	0.7	1	4	2025-01-14 18:07:45.840818+07	7	2
47	1	1	0.1	0.7	1	4	2025-01-14 18:07:46.762142+07	7	2
48	1	1	0.1	0.7	1	4	2025-01-14 18:07:47.742233+07	7	2
49	1	1	0.1	0.7	1	4	2025-01-14 18:07:48.811991+07	7	2
50	1	1	0.1	0.7	1	4	2025-01-14 18:07:49.8352+07	7	2
51	1	1	0.1	0.7	1	4	2025-01-14 18:07:50.815671+07	7	2
52	1	1	0.1	0.7	1	4	2025-01-14 18:07:51.75453+07	7	2
53	1	1	0.1	0.7	1	4	2025-01-14 18:07:52.773496+07	7	2
54	1	1	0.1	0.7	1	4	2025-01-14 18:07:53.761136+07	7	2
55	1	1	0.1	0.7	1	4	2025-01-14 18:07:54.763289+07	7	2
56	1	1	0.1	0.7	1	4	2025-01-14 18:07:55.764453+07	7	2
57	1	1	0.1	0.7	1	4	2025-01-14 18:07:56.768463+07	7	2
58	1	1	0.1	0.7	1	4	2025-01-14 18:07:57.770299+07	7	2
59	1	1	0.1	0.7	1	4	2025-01-14 18:07:58.773284+07	7	2
60	1	1	0.1	0.7	1	4	2025-01-14 18:07:59.776053+07	7	2
61	1	1	0.1	0.7	1	4	2025-01-14 18:08:00.779709+07	7	2
62	1	1	0.1	0.7	1	4	2025-01-14 18:08:01.781992+07	7	2
63	1	1	0.1	0.7	1	4	2025-01-14 18:08:02.839396+07	7	2
64	1	1	0.1	0.7	1	4	2025-01-14 18:08:03.853535+07	7	2
65	1	1	0.1	0.7	1	4	2025-01-14 18:08:04.842198+07	7	2
66	1	1	0.1	0.7	1	4	2025-01-14 18:08:05.809086+07	7	2
67	1	1	0.1	0.7	1	4	2025-01-14 18:08:06.792929+07	7	2
68	1	1	0.1	0.7	1	4	2025-01-14 18:08:07.85686+07	7	2
69	1	1	0.1	0.7	1	4	2025-01-14 18:08:08.880071+07	7	2
70	1	1	0.1	0.7	1	4	2025-01-14 18:08:09.802014+07	7	2
71	1	1	0.1	0.7	1	4	2025-01-14 18:08:10.827836+07	7	2
72	1	1	0.1	0.7	1	4	2025-01-14 18:08:11.850136+07	7	2
73	1	1	0.1	0.7	1	4	2025-01-14 18:08:12.874871+07	7	2
74	1	1	0.1	0.7	1	4	2025-01-14 18:08:13.898387+07	7	2
75	1	1	0.1	0.7	1	4	2025-01-14 18:08:14.923455+07	7	2
76	1	1	0.1	0.7	1	4	2025-01-14 18:08:15.844728+07	7	2
77	1	1	0.1	0.7	1	4	2025-01-14 18:08:16.868439+07	7	2
78	1	1	0.1	0.7	1	4	2025-01-14 18:08:17.892564+07	7	2
79	1	1	0.1	0.7	1	4	2025-01-14 18:08:18.916621+07	7	2
80	1	1	0.1	0.7	1	4	2025-01-14 18:08:19.826479+07	7	2
81	1	1	0.1	0.7	1	4	2025-01-14 18:08:20.862136+07	7	2
82	1	1	0.1	0.7	1	4	2025-01-14 18:08:21.885435+07	7	2
83	1	1	0.1	0.7	1	4	2025-01-14 18:08:22.832918+07	7	2
84	1	1	0.1	0.7	1	4	2025-01-14 18:08:23.847917+07	7	2
85	1	1	0.1	0.7	1	4	2025-01-14 18:08:24.958194+07	7	2
86	1	1	0.1	0.7	1	4	2025-01-14 18:08:25.878909+07	7	2
87	1	1	0.1	0.7	1	4	2025-01-14 18:08:26.903551+07	7	2
\.


--
-- Data for Name: agv_management_agv_error; Type: TABLE DATA; Schema: public; Owner: agv
--

COPY public.agv_management_agv_error (id, error_id, "timestamp", error_msg, previous_waypoint, next_waypoint, order_number, car_id) FROM stdin;
1	1	2024-10-24 13:52:26.61897+07		5	8	2	10
\.


--
-- Data for Name: agv_management_agv_identify; Type: TABLE DATA; Schema: public; Owner: agv
--

COPY public.agv_management_agv_identify (agv_id, max_speed, battery_capacity, max_load, guidance_type, is_active, is_connected, parking_lot) FROM stdin;
1	50	80	2	line_following	t	f	1
2	50	77	1	line_following	t	f	1
3	50	90	3	line_following	t	f	2
\.


--
-- Data for Name: agv_management_agv_status; Type: TABLE DATA; Schema: public; Owner: agv
--

COPY public.agv_management_agv_status (id, state_id, state_name) FROM stdin;
\.


--
-- Data for Name: auth_group; Type: TABLE DATA; Schema: public; Owner: agv
--

COPY public.auth_group (id, name) FROM stdin;
\.


--
-- Data for Name: auth_group_permissions; Type: TABLE DATA; Schema: public; Owner: agv
--

COPY public.auth_group_permissions (id, group_id, permission_id) FROM stdin;
\.


--
-- Data for Name: auth_permission; Type: TABLE DATA; Schema: public; Owner: agv
--

COPY public.auth_permission (id, name, content_type_id, codename) FROM stdin;
1	Can add log entry	1	add_logentry
2	Can change log entry	1	change_logentry
3	Can delete log entry	1	delete_logentry
4	Can view log entry	1	view_logentry
5	Can add permission	2	add_permission
6	Can change permission	2	change_permission
7	Can delete permission	2	delete_permission
8	Can view permission	2	view_permission
9	Can add group	3	add_group
10	Can change group	3	change_group
11	Can delete group	3	delete_group
12	Can view group	3	view_group
13	Can add content type	4	add_contenttype
14	Can change content type	4	change_contenttype
15	Can delete content type	4	delete_contenttype
16	Can view content type	4	view_contenttype
17	Can add session	5	add_session
18	Can change session	5	change_session
19	Can delete session	5	delete_session
20	Can view session	5	view_session
21	Can add user	6	add_user
22	Can change user	6	change_user
23	Can delete user	6	delete_user
24	Can view user	6	view_user
25	Can add Token	7	add_token
26	Can change Token	7	change_token
27	Can delete Token	7	delete_token
28	Can view Token	7	view_token
29	Can add Token	8	add_tokenproxy
30	Can change Token	8	change_tokenproxy
31	Can delete Token	8	delete_tokenproxy
32	Can view Token	8	view_tokenproxy
33	Can add agv_data	9	add_agv_data
34	Can change agv_data	9	change_agv_data
35	Can delete agv_data	9	delete_agv_data
36	Can view agv_data	9	view_agv_data
37	Can add agv_identify	10	add_agv_identify
38	Can change agv_identify	10	change_agv_identify
39	Can delete agv_identify	10	delete_agv_identify
40	Can view agv_identify	10	view_agv_identify
41	Can add agv_status	11	add_agv_status
42	Can change agv_status	11	change_agv_status
43	Can delete agv_status	11	delete_agv_status
44	Can view agv_status	11	view_agv_status
45	Can add agv_error	12	add_agv_error
46	Can change agv_error	12	change_agv_error
47	Can delete agv_error	12	delete_agv_error
48	Can view agv_error	12	view_agv_error
49	Can add order_data	13	add_order_data
50	Can change order_data	13	change_order_data
51	Can delete order_data	13	delete_order_data
52	Can view order_data	13	view_order_data
53	Can add schedule_data	14	add_schedule_data
54	Can change schedule_data	14	change_schedule_data
55	Can delete schedule_data	14	delete_schedule_data
56	Can view schedule_data	14	view_schedule_data
57	Can add station_data	15	add_station_data
58	Can change station_data	15	change_station_data
59	Can delete station_data	15	delete_station_data
60	Can view station_data	15	view_station_data
61	Can add material	16	add_material
62	Can change material	16	change_material
63	Can delete material	16	delete_material
64	Can view material	16	view_material
65	Can add position	17	add_position
66	Can change position	17	change_position
67	Can delete position	17	delete_position
68	Can view position	17	view_position
\.


--
-- Data for Name: authtoken_token; Type: TABLE DATA; Schema: public; Owner: agv
--

COPY public.authtoken_token (key, created, user_id) FROM stdin;
\.


--
-- Data for Name: django_admin_log; Type: TABLE DATA; Schema: public; Owner: agv
--

COPY public.django_admin_log (id, action_time, object_id, object_repr, action_flag, change_message, content_type_id, user_id) FROM stdin;
\.


--
-- Data for Name: django_content_type; Type: TABLE DATA; Schema: public; Owner: agv
--

COPY public.django_content_type (id, app_label, model) FROM stdin;
1	admin	logentry
2	auth	permission
3	auth	group
4	contenttypes	contenttype
5	sessions	session
6	users_management	user
7	authtoken	token
8	authtoken	tokenproxy
9	agv_management	agv_data
10	agv_management	agv_identify
11	agv_management	agv_status
12	agv_management	agv_error
13	requests_management	order_data
14	requests_management	schedule_data
15	map_management	station_data
16	material_management	material
17	agv_management	position
\.


--
-- Data for Name: django_migrations; Type: TABLE DATA; Schema: public; Owner: agv
--

COPY public.django_migrations (id, app, name, applied) FROM stdin;
1	contenttypes	0001_initial	2024-10-23 02:22:09.70565+07
2	contenttypes	0002_remove_content_type_name	2024-10-23 02:39:33.633177+07
3	auth	0001_initial	2024-10-23 02:39:33.672829+07
4	auth	0002_alter_permission_name_max_length	2024-10-23 02:39:33.67683+07
5	auth	0003_alter_user_email_max_length	2024-10-23 02:39:33.67983+07
6	auth	0004_alter_user_username_opts	2024-10-23 02:39:33.682832+07
7	auth	0005_alter_user_last_login_null	2024-10-23 02:39:33.685759+07
8	auth	0006_require_contenttypes_0002	2024-10-23 02:39:33.685759+07
9	auth	0007_alter_validators_add_error_messages	2024-10-23 02:39:33.688697+07
10	auth	0008_alter_user_username_max_length	2024-10-23 02:39:33.691696+07
11	auth	0009_alter_user_last_name_max_length	2024-10-23 02:39:33.693696+07
12	auth	0010_alter_group_name_max_length	2024-10-23 02:39:33.69778+07
13	auth	0011_update_proxy_permissions	2024-10-23 02:39:33.700776+07
14	auth	0012_alter_user_first_name_max_length	2024-10-23 02:39:33.703777+07
15	users_management	0001_initial	2024-10-23 02:39:33.734683+07
16	admin	0001_initial	2024-10-23 02:39:33.750686+07
17	admin	0002_logentry_remove_auto_add	2024-10-23 02:39:33.755686+07
18	admin	0003_logentry_add_action_flag_choices	2024-10-23 02:39:33.759901+07
19	agv_management	0001_initial	2024-10-23 02:39:33.778902+07
20	authtoken	0001_initial	2024-10-23 02:39:33.789722+07
21	authtoken	0002_auto_20160226_1747	2024-10-23 02:39:33.804729+07
22	authtoken	0003_tokenproxy	2024-10-23 02:39:33.80573+07
23	authtoken	0004_alter_tokenproxy_options	2024-10-23 02:39:33.808729+07
24	map_management	0001_initial	2024-10-23 02:39:33.810742+07
25	material_management	0001_initial	2024-10-23 02:39:33.817712+07
26	requests_management	0001_initial	2024-10-23 02:39:33.843103+07
27	sessions	0001_initial	2024-10-23 02:39:33.852112+07
28	agv_management	0002_position_remove_agv_data_distance_and_more	2024-10-24 02:50:54.757648+07
29	agv_management	0003_remove_agv_data_current_position_agv_data_distance_and_more	2024-10-24 03:20:00.161814+07
30	agv_management	0004_alter_agv_error_car_id	2024-10-24 13:52:12.609197+07
31	users_management	0002_user_refresh_token	2024-11-14 00:55:19.225617+07
32	requests_management	0002_remove_order_data_is_processed	2024-11-15 00:04:18.39512+07
33	requests_management	0003_alter_order_data_load_name	2024-11-15 01:43:21.284965+07
34	agv_management	0005_rename_is_busy_agv_identify_is_active_and_more	2024-11-18 12:28:46.314408+07
35	requests_management	0004_alter_schedule_data_order_number	2024-11-18 13:34:32.142048+07
36	requests_management	0005_rename_order_id_order_data_request_id_and_more	2024-11-18 13:39:57.177511+07
37	requests_management	0006_alter_schedule_data_instruction_set	2024-11-18 13:52:01.875724+07
38	requests_management	0007_order_data_is_scheduled	2024-11-18 14:04:35.426817+07
\.


--
-- Data for Name: django_session; Type: TABLE DATA; Schema: public; Owner: agv
--

COPY public.django_session (session_key, session_data, expire_date) FROM stdin;
\.


--
-- Data for Name: map_management_station_data; Type: TABLE DATA; Schema: public; Owner: agv
--

COPY public.map_management_station_data (station_id, station_node, station_type, load_transfer, is_active) FROM stdin;
\.


--
-- Data for Name: material_management_material; Type: TABLE DATA; Schema: public; Owner: agv
--

COPY public.material_management_material (material_id, material_name, material_unit, material_weight) FROM stdin;
1	kk	KG	1000
\.


--
-- Data for Name: requests_management_order_data; Type: TABLE DATA; Schema: public; Owner: agv
--

COPY public.requests_management_order_data (request_id, order_date, load_amount, load_weight, start_time, start_point, end_point, load_name, user_name_id, order_number, is_scheduled) FROM stdin;
3	2025-02-09	2	2	23:47:30	1	8	stone	hoanganh	0	t
\.


--
-- Data for Name: requests_management_schedule_data; Type: TABLE DATA; Schema: public; Owner: agv
--

COPY public.requests_management_schedule_data (schedule_id, order_date, load_name, load_weight, load_amount, agv_id, est_energy, est_distance, est_start_time, est_end_time, start_point, end_point, is_processed, instruction_set, order_number) FROM stdin;
1	2025-02-09	stone	2	2	1	144	9	23:47:30	23:48:45	1	8	f	"[1, [1, 4, 0.2, 2.0, 2], [4, 5, 0.2, 4.0, 3], [5, 8, 0.2, 3.0, 1], [8, 8, 0, 0, 0]]"	0
\.


--
-- Data for Name: users_management_user; Type: TABLE DATA; Schema: public; Owner: agv
--

COPY public.users_management_user (id, last_login, is_superuser, first_name, last_name, is_staff, is_active, date_joined, name, email, password, refresh_token) FROM stdin;
1	\N	f			f	t	2024-10-27 16:00:25.156536+07	John Doe	j1@example.com	pbkdf2_sha256$720000$SfS2w22jL3LB35Xrym15cG$5tPuuanM8lStwMheY4L6aVLdQgJz75+K4sfpNWaAWaI=	\N
3	\N	f			f	t	2024-10-30 10:39:37.351295+07	hh	hoang@gmail.com	pbkdf2_sha256$720000$jghlB1sBpK36kS0xS8XRIg$i0Lnu3JJYwU9z2aREZcH2dgzZ0vtFlyeu9H+LS7LeJw=	\N
4	\N	f			f	t	2024-10-30 10:41:25.411238+07	HoangAnhPham	hoanganh310tp4@gmail.com	pbkdf2_sha256$720000$QSVeppv8yiT4v08vN9HxV3$kKi+FfV2OFtHmE+LEG8L0faN6gCXLWctTSZ9Q7YgAQ0=	\N
5	\N	f			f	t	2024-10-30 14:14:10.508355+07	Đỗ Đức Toàn	h1@gmail.com	pbkdf2_sha256$720000$pfh77oa5U7bPKV6phZPl55$nrbleyy6bg3AkSsAvhIXJAcId9YGoqz/CjNNyk+JtAo=	\N
6	\N	f			f	t	2024-10-31 21:38:42.731698+07	Phạm Hoàng Anh	hoang1@gmail.com	pbkdf2_sha256$720000$f7jmPv261xry9Q1cro0QL0$B5wlw4g4qie4VaXr7ak8EtlAfbECxo7/5NrqvcMU7dM=	\N
7	\N	f			f	t	2024-11-05 14:02:36.271829+07	Hoàng Anh	hoanganh310tp5@gmail.com	pbkdf2_sha256$720000$qOjXIlbbg9j70wnSNq7nIp$4EtC4R2Mt6yFP3XY05zrUpznB6d6ba8EfWUlU2mKxqI=	\N
8	\N	f			f	t	2024-11-14 03:27:12.255296+07	hoanganh34	hoanganh310tp6@gmail.com	pbkdf2_sha256$720000$FSCdrduQmsS6TL89YXPZCc$RyC9UjH+gEs8bw53uwNBIgyw4iHmWOQ1kebaarVKeT0=	b'eyJ0eXAiOiJKV1QiLCJhbGciOiJIUzI1NiJ9.eyJpZCI6OCwiZXhwIjoxNzMyMTM0NDQwfQ.QWJDiIRgX8981Wq9PF1CNzMHqxSrgXGhLycWRBsoxWU'
9	\N	f			f	t	2024-11-15 00:37:54.483891+07	time	hoanganh310tp7@gmail.com	pbkdf2_sha256$720000$S7VvSB637cD2lv8JokUbbO$kQSu/rvE7Uw+upuUJYqg0W2RRtKlDTJsVK4hZ2Pm/qw=	\N
2	\N	f			f	t	2024-10-30 10:33:32.288308+07	hoanganh	hoanganh310tp3@gmail.com	pbkdf2_sha256$720000$yT3T4dc5Du88otpY2B3yXM$apXGdRT1V7sET5VfGImeS3CQdRYmnVWzWyqSiLmNODI=	b'eyJ0eXAiOiJKV1QiLCJhbGciOiJIUzI1NiJ9.eyJpZCI6MiwiZXhwIjoxNzM5NzI0MzU1fQ.xzs6xCqsV0GVY2afABxuH0EBEWc9fpyr_dJ8HrZG2XA'
\.


--
-- Data for Name: users_management_user_groups; Type: TABLE DATA; Schema: public; Owner: agv
--

COPY public.users_management_user_groups (id, user_id, group_id) FROM stdin;
\.


--
-- Data for Name: users_management_user_user_permissions; Type: TABLE DATA; Schema: public; Owner: agv
--

COPY public.users_management_user_user_permissions (id, user_id, permission_id) FROM stdin;
\.


--
-- Name: agv_management_agv_data_data_id_seq; Type: SEQUENCE SET; Schema: public; Owner: agv
--

SELECT pg_catalog.setval('public.agv_management_agv_data_data_id_seq', 87, true);


--
-- Name: agv_management_agv_error_id_seq; Type: SEQUENCE SET; Schema: public; Owner: agv
--

SELECT pg_catalog.setval('public.agv_management_agv_error_id_seq', 2, true);


--
-- Name: agv_management_agv_status_id_seq; Type: SEQUENCE SET; Schema: public; Owner: agv
--

SELECT pg_catalog.setval('public.agv_management_agv_status_id_seq', 1, false);


--
-- Name: auth_group_id_seq; Type: SEQUENCE SET; Schema: public; Owner: agv
--

SELECT pg_catalog.setval('public.auth_group_id_seq', 1, false);


--
-- Name: auth_group_permissions_id_seq; Type: SEQUENCE SET; Schema: public; Owner: agv
--

SELECT pg_catalog.setval('public.auth_group_permissions_id_seq', 1, false);


--
-- Name: auth_permission_id_seq; Type: SEQUENCE SET; Schema: public; Owner: agv
--

SELECT pg_catalog.setval('public.auth_permission_id_seq', 68, true);


--
-- Name: django_admin_log_id_seq; Type: SEQUENCE SET; Schema: public; Owner: agv
--

SELECT pg_catalog.setval('public.django_admin_log_id_seq', 1, false);


--
-- Name: django_content_type_id_seq; Type: SEQUENCE SET; Schema: public; Owner: agv
--

SELECT pg_catalog.setval('public.django_content_type_id_seq', 17, true);


--
-- Name: django_migrations_id_seq; Type: SEQUENCE SET; Schema: public; Owner: agv
--

SELECT pg_catalog.setval('public.django_migrations_id_seq', 38, true);


--
-- Name: material_management_material_material_id_seq; Type: SEQUENCE SET; Schema: public; Owner: agv
--

SELECT pg_catalog.setval('public.material_management_material_material_id_seq', 1, true);


--
-- Name: requests_management_order_data_order_id_seq; Type: SEQUENCE SET; Schema: public; Owner: agv
--

SELECT pg_catalog.setval('public.requests_management_order_data_order_id_seq', 3, true);


--
-- Name: requests_management_schedule_data_schedule_id_seq; Type: SEQUENCE SET; Schema: public; Owner: agv
--

SELECT pg_catalog.setval('public.requests_management_schedule_data_schedule_id_seq', 1, true);


--
-- Name: users_management_user_groups_id_seq; Type: SEQUENCE SET; Schema: public; Owner: agv
--

SELECT pg_catalog.setval('public.users_management_user_groups_id_seq', 1, false);


--
-- Name: users_management_user_id_seq; Type: SEQUENCE SET; Schema: public; Owner: agv
--

SELECT pg_catalog.setval('public.users_management_user_id_seq', 9, true);


--
-- Name: users_management_user_user_permissions_id_seq; Type: SEQUENCE SET; Schema: public; Owner: agv
--

SELECT pg_catalog.setval('public.users_management_user_user_permissions_id_seq', 1, false);


--
-- Name: agv_management_agv_data agv_management_agv_data_pkey; Type: CONSTRAINT; Schema: public; Owner: agv
--

ALTER TABLE ONLY public.agv_management_agv_data
    ADD CONSTRAINT agv_management_agv_data_pkey PRIMARY KEY (data_id);


--
-- Name: agv_management_agv_error agv_management_agv_error_error_id_key; Type: CONSTRAINT; Schema: public; Owner: agv
--

ALTER TABLE ONLY public.agv_management_agv_error
    ADD CONSTRAINT agv_management_agv_error_error_id_key UNIQUE (error_id);


--
-- Name: agv_management_agv_error agv_management_agv_error_pkey; Type: CONSTRAINT; Schema: public; Owner: agv
--

ALTER TABLE ONLY public.agv_management_agv_error
    ADD CONSTRAINT agv_management_agv_error_pkey PRIMARY KEY (id);


--
-- Name: agv_management_agv_identify agv_management_agv_identify_pkey; Type: CONSTRAINT; Schema: public; Owner: agv
--

ALTER TABLE ONLY public.agv_management_agv_identify
    ADD CONSTRAINT agv_management_agv_identify_pkey PRIMARY KEY (agv_id);


--
-- Name: agv_management_agv_status agv_management_agv_status_pkey; Type: CONSTRAINT; Schema: public; Owner: agv
--

ALTER TABLE ONLY public.agv_management_agv_status
    ADD CONSTRAINT agv_management_agv_status_pkey PRIMARY KEY (id);


--
-- Name: auth_group auth_group_name_key; Type: CONSTRAINT; Schema: public; Owner: agv
--

ALTER TABLE ONLY public.auth_group
    ADD CONSTRAINT auth_group_name_key UNIQUE (name);


--
-- Name: auth_group_permissions auth_group_permissions_group_id_permission_id_0cd325b0_uniq; Type: CONSTRAINT; Schema: public; Owner: agv
--

ALTER TABLE ONLY public.auth_group_permissions
    ADD CONSTRAINT auth_group_permissions_group_id_permission_id_0cd325b0_uniq UNIQUE (group_id, permission_id);


--
-- Name: auth_group_permissions auth_group_permissions_pkey; Type: CONSTRAINT; Schema: public; Owner: agv
--

ALTER TABLE ONLY public.auth_group_permissions
    ADD CONSTRAINT auth_group_permissions_pkey PRIMARY KEY (id);


--
-- Name: auth_group auth_group_pkey; Type: CONSTRAINT; Schema: public; Owner: agv
--

ALTER TABLE ONLY public.auth_group
    ADD CONSTRAINT auth_group_pkey PRIMARY KEY (id);


--
-- Name: auth_permission auth_permission_content_type_id_codename_01ab375a_uniq; Type: CONSTRAINT; Schema: public; Owner: agv
--

ALTER TABLE ONLY public.auth_permission
    ADD CONSTRAINT auth_permission_content_type_id_codename_01ab375a_uniq UNIQUE (content_type_id, codename);


--
-- Name: auth_permission auth_permission_pkey; Type: CONSTRAINT; Schema: public; Owner: agv
--

ALTER TABLE ONLY public.auth_permission
    ADD CONSTRAINT auth_permission_pkey PRIMARY KEY (id);


--
-- Name: authtoken_token authtoken_token_pkey; Type: CONSTRAINT; Schema: public; Owner: agv
--

ALTER TABLE ONLY public.authtoken_token
    ADD CONSTRAINT authtoken_token_pkey PRIMARY KEY (key);


--
-- Name: authtoken_token authtoken_token_user_id_key; Type: CONSTRAINT; Schema: public; Owner: agv
--

ALTER TABLE ONLY public.authtoken_token
    ADD CONSTRAINT authtoken_token_user_id_key UNIQUE (user_id);


--
-- Name: django_admin_log django_admin_log_pkey; Type: CONSTRAINT; Schema: public; Owner: agv
--

ALTER TABLE ONLY public.django_admin_log
    ADD CONSTRAINT django_admin_log_pkey PRIMARY KEY (id);


--
-- Name: django_content_type django_content_type_app_label_model_76bd3d3b_uniq; Type: CONSTRAINT; Schema: public; Owner: agv
--

ALTER TABLE ONLY public.django_content_type
    ADD CONSTRAINT django_content_type_app_label_model_76bd3d3b_uniq UNIQUE (app_label, model);


--
-- Name: django_content_type django_content_type_pkey; Type: CONSTRAINT; Schema: public; Owner: agv
--

ALTER TABLE ONLY public.django_content_type
    ADD CONSTRAINT django_content_type_pkey PRIMARY KEY (id);


--
-- Name: django_migrations django_migrations_pkey; Type: CONSTRAINT; Schema: public; Owner: agv
--

ALTER TABLE ONLY public.django_migrations
    ADD CONSTRAINT django_migrations_pkey PRIMARY KEY (id);


--
-- Name: django_session django_session_pkey; Type: CONSTRAINT; Schema: public; Owner: agv
--

ALTER TABLE ONLY public.django_session
    ADD CONSTRAINT django_session_pkey PRIMARY KEY (session_key);


--
-- Name: map_management_station_data map_management_station_data_pkey; Type: CONSTRAINT; Schema: public; Owner: agv
--

ALTER TABLE ONLY public.map_management_station_data
    ADD CONSTRAINT map_management_station_data_pkey PRIMARY KEY (station_id);


--
-- Name: material_management_material material_management_material_material_name_key; Type: CONSTRAINT; Schema: public; Owner: agv
--

ALTER TABLE ONLY public.material_management_material
    ADD CONSTRAINT material_management_material_material_name_key UNIQUE (material_name);


--
-- Name: material_management_material material_management_material_pkey; Type: CONSTRAINT; Schema: public; Owner: agv
--

ALTER TABLE ONLY public.material_management_material
    ADD CONSTRAINT material_management_material_pkey PRIMARY KEY (material_id);


--
-- Name: requests_management_order_data requests_management_order_data_pkey; Type: CONSTRAINT; Schema: public; Owner: agv
--

ALTER TABLE ONLY public.requests_management_order_data
    ADD CONSTRAINT requests_management_order_data_pkey PRIMARY KEY (request_id);


--
-- Name: requests_management_schedule_data requests_management_schedule_data_pkey; Type: CONSTRAINT; Schema: public; Owner: agv
--

ALTER TABLE ONLY public.requests_management_schedule_data
    ADD CONSTRAINT requests_management_schedule_data_pkey PRIMARY KEY (schedule_id);


--
-- Name: users_management_user users_management_user_email_key; Type: CONSTRAINT; Schema: public; Owner: agv
--

ALTER TABLE ONLY public.users_management_user
    ADD CONSTRAINT users_management_user_email_key UNIQUE (email);


--
-- Name: users_management_user_groups users_management_user_groups_pkey; Type: CONSTRAINT; Schema: public; Owner: agv
--

ALTER TABLE ONLY public.users_management_user_groups
    ADD CONSTRAINT users_management_user_groups_pkey PRIMARY KEY (id);


--
-- Name: users_management_user_groups users_management_user_groups_user_id_group_id_10b04da8_uniq; Type: CONSTRAINT; Schema: public; Owner: agv
--

ALTER TABLE ONLY public.users_management_user_groups
    ADD CONSTRAINT users_management_user_groups_user_id_group_id_10b04da8_uniq UNIQUE (user_id, group_id);


--
-- Name: users_management_user users_management_user_name_key; Type: CONSTRAINT; Schema: public; Owner: agv
--

ALTER TABLE ONLY public.users_management_user
    ADD CONSTRAINT users_management_user_name_key UNIQUE (name);


--
-- Name: users_management_user users_management_user_pkey; Type: CONSTRAINT; Schema: public; Owner: agv
--

ALTER TABLE ONLY public.users_management_user
    ADD CONSTRAINT users_management_user_pkey PRIMARY KEY (id);


--
-- Name: users_management_user_user_permissions users_management_user_us_user_id_permission_id_c2d870b3_uniq; Type: CONSTRAINT; Schema: public; Owner: agv
--

ALTER TABLE ONLY public.users_management_user_user_permissions
    ADD CONSTRAINT users_management_user_us_user_id_permission_id_c2d870b3_uniq UNIQUE (user_id, permission_id);


--
-- Name: users_management_user_user_permissions users_management_user_user_permissions_pkey; Type: CONSTRAINT; Schema: public; Owner: agv
--

ALTER TABLE ONLY public.users_management_user_user_permissions
    ADD CONSTRAINT users_management_user_user_permissions_pkey PRIMARY KEY (id);


--
-- Name: auth_group_name_a6ea08ec_like; Type: INDEX; Schema: public; Owner: agv
--

CREATE INDEX auth_group_name_a6ea08ec_like ON public.auth_group USING btree (name varchar_pattern_ops);


--
-- Name: auth_group_permissions_group_id_b120cbf9; Type: INDEX; Schema: public; Owner: agv
--

CREATE INDEX auth_group_permissions_group_id_b120cbf9 ON public.auth_group_permissions USING btree (group_id);


--
-- Name: auth_group_permissions_permission_id_84c5c92e; Type: INDEX; Schema: public; Owner: agv
--

CREATE INDEX auth_group_permissions_permission_id_84c5c92e ON public.auth_group_permissions USING btree (permission_id);


--
-- Name: auth_permission_content_type_id_2f476e4b; Type: INDEX; Schema: public; Owner: agv
--

CREATE INDEX auth_permission_content_type_id_2f476e4b ON public.auth_permission USING btree (content_type_id);


--
-- Name: authtoken_token_key_10f0b77e_like; Type: INDEX; Schema: public; Owner: agv
--

CREATE INDEX authtoken_token_key_10f0b77e_like ON public.authtoken_token USING btree (key varchar_pattern_ops);


--
-- Name: django_admin_log_content_type_id_c4bce8eb; Type: INDEX; Schema: public; Owner: agv
--

CREATE INDEX django_admin_log_content_type_id_c4bce8eb ON public.django_admin_log USING btree (content_type_id);


--
-- Name: django_admin_log_user_id_c564eba6; Type: INDEX; Schema: public; Owner: agv
--

CREATE INDEX django_admin_log_user_id_c564eba6 ON public.django_admin_log USING btree (user_id);


--
-- Name: django_session_expire_date_a5c62663; Type: INDEX; Schema: public; Owner: agv
--

CREATE INDEX django_session_expire_date_a5c62663 ON public.django_session USING btree (expire_date);


--
-- Name: django_session_session_key_c0390e0f_like; Type: INDEX; Schema: public; Owner: agv
--

CREATE INDEX django_session_session_key_c0390e0f_like ON public.django_session USING btree (session_key varchar_pattern_ops);


--
-- Name: material_management_material_material_name_56355173_like; Type: INDEX; Schema: public; Owner: agv
--

CREATE INDEX material_management_material_material_name_56355173_like ON public.material_management_material USING btree (material_name varchar_pattern_ops);


--
-- Name: requests_management_order_data_user_name_id_ff11d598; Type: INDEX; Schema: public; Owner: agv
--

CREATE INDEX requests_management_order_data_user_name_id_ff11d598 ON public.requests_management_order_data USING btree (user_name_id);


--
-- Name: requests_management_order_data_user_name_id_ff11d598_like; Type: INDEX; Schema: public; Owner: agv
--

CREATE INDEX requests_management_order_data_user_name_id_ff11d598_like ON public.requests_management_order_data USING btree (user_name_id varchar_pattern_ops);


--
-- Name: users_management_user_email_0defa7dc_like; Type: INDEX; Schema: public; Owner: agv
--

CREATE INDEX users_management_user_email_0defa7dc_like ON public.users_management_user USING btree (email varchar_pattern_ops);


--
-- Name: users_management_user_groups_group_id_91f48f20; Type: INDEX; Schema: public; Owner: agv
--

CREATE INDEX users_management_user_groups_group_id_91f48f20 ON public.users_management_user_groups USING btree (group_id);


--
-- Name: users_management_user_groups_user_id_716c5d67; Type: INDEX; Schema: public; Owner: agv
--

CREATE INDEX users_management_user_groups_user_id_716c5d67 ON public.users_management_user_groups USING btree (user_id);


--
-- Name: users_management_user_name_fddef05b_like; Type: INDEX; Schema: public; Owner: agv
--

CREATE INDEX users_management_user_name_fddef05b_like ON public.users_management_user USING btree (name varchar_pattern_ops);


--
-- Name: users_management_user_user_permissions_permission_id_d224a626; Type: INDEX; Schema: public; Owner: agv
--

CREATE INDEX users_management_user_user_permissions_permission_id_d224a626 ON public.users_management_user_user_permissions USING btree (permission_id);


--
-- Name: users_management_user_user_permissions_user_id_2804ce58; Type: INDEX; Schema: public; Owner: agv
--

CREATE INDEX users_management_user_user_permissions_user_id_2804ce58 ON public.users_management_user_user_permissions USING btree (user_id);


--
-- Name: auth_group_permissions auth_group_permissio_permission_id_84c5c92e_fk_auth_perm; Type: FK CONSTRAINT; Schema: public; Owner: agv
--

ALTER TABLE ONLY public.auth_group_permissions
    ADD CONSTRAINT auth_group_permissio_permission_id_84c5c92e_fk_auth_perm FOREIGN KEY (permission_id) REFERENCES public.auth_permission(id) DEFERRABLE INITIALLY DEFERRED;


--
-- Name: auth_group_permissions auth_group_permissions_group_id_b120cbf9_fk_auth_group_id; Type: FK CONSTRAINT; Schema: public; Owner: agv
--

ALTER TABLE ONLY public.auth_group_permissions
    ADD CONSTRAINT auth_group_permissions_group_id_b120cbf9_fk_auth_group_id FOREIGN KEY (group_id) REFERENCES public.auth_group(id) DEFERRABLE INITIALLY DEFERRED;


--
-- Name: auth_permission auth_permission_content_type_id_2f476e4b_fk_django_co; Type: FK CONSTRAINT; Schema: public; Owner: agv
--

ALTER TABLE ONLY public.auth_permission
    ADD CONSTRAINT auth_permission_content_type_id_2f476e4b_fk_django_co FOREIGN KEY (content_type_id) REFERENCES public.django_content_type(id) DEFERRABLE INITIALLY DEFERRED;


--
-- Name: authtoken_token authtoken_token_user_id_35299eff_fk_users_management_user_id; Type: FK CONSTRAINT; Schema: public; Owner: agv
--

ALTER TABLE ONLY public.authtoken_token
    ADD CONSTRAINT authtoken_token_user_id_35299eff_fk_users_management_user_id FOREIGN KEY (user_id) REFERENCES public.users_management_user(id) DEFERRABLE INITIALLY DEFERRED;


--
-- Name: django_admin_log django_admin_log_content_type_id_c4bce8eb_fk_django_co; Type: FK CONSTRAINT; Schema: public; Owner: agv
--

ALTER TABLE ONLY public.django_admin_log
    ADD CONSTRAINT django_admin_log_content_type_id_c4bce8eb_fk_django_co FOREIGN KEY (content_type_id) REFERENCES public.django_content_type(id) DEFERRABLE INITIALLY DEFERRED;


--
-- Name: django_admin_log django_admin_log_user_id_c564eba6_fk_users_management_user_id; Type: FK CONSTRAINT; Schema: public; Owner: agv
--

ALTER TABLE ONLY public.django_admin_log
    ADD CONSTRAINT django_admin_log_user_id_c564eba6_fk_users_management_user_id FOREIGN KEY (user_id) REFERENCES public.users_management_user(id) DEFERRABLE INITIALLY DEFERRED;


--
-- Name: requests_management_order_data requests_management__user_name_id_ff11d598_fk_users_man; Type: FK CONSTRAINT; Schema: public; Owner: agv
--

ALTER TABLE ONLY public.requests_management_order_data
    ADD CONSTRAINT requests_management__user_name_id_ff11d598_fk_users_man FOREIGN KEY (user_name_id) REFERENCES public.users_management_user(name) DEFERRABLE INITIALLY DEFERRED;


--
-- Name: users_management_user_user_permissions users_management_use_permission_id_d224a626_fk_auth_perm; Type: FK CONSTRAINT; Schema: public; Owner: agv
--

ALTER TABLE ONLY public.users_management_user_user_permissions
    ADD CONSTRAINT users_management_use_permission_id_d224a626_fk_auth_perm FOREIGN KEY (permission_id) REFERENCES public.auth_permission(id) DEFERRABLE INITIALLY DEFERRED;


--
-- Name: users_management_user_user_permissions users_management_use_user_id_2804ce58_fk_users_man; Type: FK CONSTRAINT; Schema: public; Owner: agv
--

ALTER TABLE ONLY public.users_management_user_user_permissions
    ADD CONSTRAINT users_management_use_user_id_2804ce58_fk_users_man FOREIGN KEY (user_id) REFERENCES public.users_management_user(id) DEFERRABLE INITIALLY DEFERRED;


--
-- Name: users_management_user_groups users_management_use_user_id_716c5d67_fk_users_man; Type: FK CONSTRAINT; Schema: public; Owner: agv
--

ALTER TABLE ONLY public.users_management_user_groups
    ADD CONSTRAINT users_management_use_user_id_716c5d67_fk_users_man FOREIGN KEY (user_id) REFERENCES public.users_management_user(id) DEFERRABLE INITIALLY DEFERRED;


--
-- Name: users_management_user_groups users_management_user_groups_group_id_91f48f20_fk_auth_group_id; Type: FK CONSTRAINT; Schema: public; Owner: agv
--

ALTER TABLE ONLY public.users_management_user_groups
    ADD CONSTRAINT users_management_user_groups_group_id_91f48f20_fk_auth_group_id FOREIGN KEY (group_id) REFERENCES public.auth_group(id) DEFERRABLE INITIALLY DEFERRED;


--
-- Name: SCHEMA public; Type: ACL; Schema: -; Owner: pg_database_owner
--

GRANT ALL ON SCHEMA public TO agv;


--
-- PostgreSQL database dump complete
--

